www.webmd.com,43095
www.pediatricassociatesnyc.com,42236
www.centraldermcenter.com,10541
www.ochumanesociety.com,10416
www.animalsurgicalcenter.com,9357
www.lohiderm.com,9197
www.giassoc.org,8858
www.academyclinics.com,7544
www.hopetherapyandwellness.com,7394
www.richmondcreativecounseling.com,6874
www.dixieanimalhospital.com,6021
www.hnaoc.com,5699
www.tlcvetelpaso.com,5552
www.snderm.com,5511
www.parkanimalhospital.com,5493
www.bloomdentalofarlington.com,5432
www.windsordermatology.com,5423
www.nevadagastro.com,4673
www.carydermatology.com,4425
www.drekberg.com,4320
www.vbmentalhealth.com,4288
www.comderm.com,4240
www.palmbeachskin.com,4199
www.ajdentalct.com,3962
www.ccccmentalhealth.com,3962
www.txchiro.edu,3954
www.dlcfl.com,3936
www.dmgnc.com,3869
www.comprehensiveent.com,3779
www.premierhealthnj.com,3744
www.spayneuternewjersey.com,3637
www.denveryouthdentistry.com,3405
www.mcrchiro.com,3257
www.estadtpsychological.com,3229
www.depoeeyecenter.com,3221
www.midsouthderm.com,3200
www.rescueridge.com,3198
www.sedermonline.com,3196
www.dermlanc.com,3175
www.hptherapy.com,3131
www.dcsionline.com,3106
www.awhcare.com,3085
www.animalalliancetx.org,3075
www.akinlaws.com,3041
www.affordableveterinaryservices.com,3030
www.skinrenewaloftulsa.com,2996
www.drscottdenny.com,2982
www.southcountyriderm.com,2976
www.alaskagi.com,2942
www.infootandankle.com,2932
www.aigastro.net,2903
www.childrenentdocs.com,2845
www.amherstpediatrics.com,2818
www.universityeye.net,2803
www.docyoung.com,2802
www.actwellness.com,2789
www.glazerdermatology.com,2777
www.oregonmobilevet.com,2709
www.honeygopodiatry.com,2706
www.oberlinroadpediatrics.com,2694
www.jhrjpa.com,2653
www.hocoderm.com,2648
www.hgsaiea.com,2644
www.andersonchiroandmassage.biz,2626
www.advancedsmilesdental.com,2620
www.willowglenpethospital.com,2612
www.zdermatology.com,2582
www.richmondpediatrics.com,2528
www.associatedpediatricians.com,2513
www.1stchoicehealthandwellness.com,2492
www.pricare.org,2488
www.fgamd.com,2472
www.thegi-group.com,2452
www.michianaeye.com,2450
www.westwooddermatologygroup.com,2418
www.washingtonavevet.com,2390
www.suffolkobgyn.com,2365
www.andersderm.com,2348
www.gihealth.com,2336
www.janeanimalhospital.ca,2330
www.burnthillsvethosp.com,2325
www.alabamaderm.com,2320
www.eyeassoc.com,2319
www.northwoodah.com,2313
www.askdrrapp.com,2291
www.affordablepetclinic.net,2251
www.childhealthassociatespc.com,2234
www.bvderm.com,2225
www.foothillfamilydentalgroup.com,2208
www.adov.net,2185
www.richviewanimalhospital.ca,2182
www.eyecareassociates.com,2181
www.westtexaseye.com,2155
www.gardensdermatology.com,2146
www.summerwoodpediatrics.com,2135
www.sheppardchiropractic.com,2135
www.mcphealthykids.com,2130
www.boswelldermatology.com,2127
www.redcouchcounselingdsm.com,2126
www.choicedermatology.com,2113
www.virginislandsgi.com,2096
www.thepedsclinic.com,2079
www.crystalcreekvet.com,2071
www.rmdmed.com,2065
www.dermatologyok.com,2047
www.dermsouthtx.com,2022
www.millvalleydental.com,2017
www.pathwayeye.com,2005
www.acaps-nc.org,2001
www.englewoodent.com,1998
www.glendalepediatrics.com,1992
www.golfrose.com,1981
www.bstreetvet.com,1979
www.dallastmjdr.com,1978
www.entforyou.com,1957
www.pediatriciansincorporated.com,1934
www.bzabehavioral.com,1901
www.jeranekchiro.com,1891
www.cfaspecialists.net,1889
www.raleighchildren.com,1886
www.holyokepediatrics.com,1885
www.chespsych.com,1870
www.arlingtonanimalhospital.biz,1855
www.gsderm.com,1855
www.familyfootandankle.com,1844
www.expertdentalnyc.com,1839
www.eastsidecounselingcenter.com,1826
www.sheetspetclinic.com,1825
www.durangodermatology.com,1824
www.reboundchiropractic.com,1821
www.dartmouthderm.com,1815
www.harwoodroadanimalhospital.com,1811
www.da-pdx.com,1811
www.cccounseling.net,1809
www.hahneyecenter.com,1793
www.therapyresourcesmc.com,1785
www.nowdental.com,1784
www.corneaconsultants.com,1783
www.tupelodermcenter.com,1780
www.vcsgvets.com,1779
www.50dollareyeguy.com,1770
www.pspa.md,1767
www.footcare.net,1736
www.pet-medcenter.com,1736
www.palonline.net,1735
www.myfloridaent.com,1722
www.mmgastro.com,1721
www.capefeareye.com,1720
www.bodhisalon.com,1705
www.marylandfeet.com,1683
www.amespsych.com,1680
www.peacetreecc.com,1679
www.hopkinspediatrics.com,1669
www.averyeyeclinic.com,1651
www.fuchsdermatology.com,1636
www.leessummitpediatrician.com,1625
www.cosmodermatology.com,1607
www.allianceabatherapy.com,1601
www.chapeds.com,1596
www.drashleylloyd.com,1583
www.affordablespay.com,1582
www.islandviewgastro.com,1580
www.familypetclinicrb.com,1572
www.centerfortherapy.net,1564
www.midvalleyanimalclinic.com,1561
www.sandiavision.com,1560
www.briercreekvision.com,1555
www.westsidevetcenter.com,1551
www.corridorpd.com,1549
www.northsideent.com,1548
www.spsri.com,1546
www.horvathdermatology.com,1536
www.drcraig-chiropractor.com,1533
www.manateegynecology.com,1532
www.ehcd.com,1531
www.pediatricsonhudson.com,1523
www.faithvetclinic.com,1519
www.heartlandderm.com,1518
www.wellpetvetclinic.com,1517
www.decaturpediatricgroup.com,1515
www.berkeleypediatrics.com,1515
www.chesterpeds.com,1509
www.pediatricassociatesct.com,1499
www.dermatologyandallergyvet.com,1498
www.ddecenter.com,1497
www.careyandhamner.com,1497
www.pgsmp.com,1492
www.somdfootandankle.com,1484
www.pcmvet.com,1482
www.athensfamilyvision.com,1482
www.gimedicine.com,1480
www.trentonsmiles.com,1478
www.johnscreekpediatrics.net,1477
www.docsofsarasota.com,1472
www.boyetteanimalhospital.com,1466
www.ipmhealthcare.com,1466
www.myhappyfoot.com,1463
www.needhamah.com,1463
www.pvvcinc.com,1456
www.primecarecg.com,1455
www.lotuscounseling.com,1455
www.midtowndermok.com,1451
www.northarlingtonpediatrics.com,1451
www.mhei.com,1446
www.shenandoahdermatology.com,1445
www.traac.org,1443
www.forselfactualization.com,1442
www.thurberandthurber.com,1441
www.higginsanimalclinic.com,1439
www.pediatrichealthcare.com,1439
www.heritagedentalcare.net,1439
www.neveterinaryhospital.com,1435
www.pediatricgroupqc.com,1428
www.phamckinney.com,1428
www.pretoriasmile.com,1424
www.drshoshany.com,1417
www.southmtnpet.com,1413
www.fareastanimalcarecenter.com,1412
www.delmarvisionandcosmetic.com,1408
www.counselingbypenny.com,1397
www.tricounty-chiropractic.com,1395
www.steppingstones-counselingcenter.com,1384
www.midwestearnosethroat.com,1383
www.montrealcbtpsychologist.com,1380
www.georgianeurobehavioral.com,1380
www.exoticanimalveterinarycenter.com,1376
www.woodgrovepinesclinic.com,1372
www.backinbalancechiro.com,1367
www.adolescentfamilybhs.com,1364
www.3stepdivorce.com,1360
www.plymouthdermatologyma.com,1359
www.zaladonisderm.com,1358
www.moorestownderm.com,1353
www.westernwaynephysicians.com,1349
www.tamavethospital.com,1347
www.glnylaw.com,1346
www.shippeefamilyeyecare.com,1337
www.cottonwoodvetclinic.com,1336
www.pupstarspetcare.com,1333
www.myfootandanklecenter.com,1333
www.pediatricspec.com,1333
www.siliconvalleypet.com,1329
www.mkmds.com,1328
www.anxietyandocdtreatmentcenter.com,1320
www.norfolkfamilyeyecare.com,1311
www.leawoodpediatrics.com,1310
www.trivalleypediatrics.com,1306
www.fivecitiesfootclinic.com,1306
www.neurobehavioralaustin.com,1298
www.albertaeyemd.com,1298
www.drcvisioncare.com,1298
www.anchorpsychological.com,1298
www.psda-va.com,1289
www.riverrunah.com,1289
www.affordablepetcarebasse.com,1287
www.precisionperio.net,1285
www.phoenixpediatrics.com,1284
www.lockmanlubellpeds.com,1283
www.huntinghillsdentistry.com,1282
www.hodgesanimalhospital.com,1276
www.thedentalcenterofthevalley.com,1275
www.pediatricssouthwest.com,1269
www.kinddermatology.com,1266
www.sequoyahshepherds.com,1263
www.ankleandfootnorthwest.com,1257
www.moresmilesofbeverly.com,1257
www.dermcomw.com,1253
www.lifescapescounseling.com,1253
www.pedleysquarevet.com,1252
www.wichitaoptometry.com,1251
www.lagunapetvet.com,1246
www.achievementsunlimited.net,1243
www.capecodderm.org,1243
www.universityparkwayvet.com,1237
www.pawylie.com,1236
www.dlhconsultant.com,1234
www.seattlelabradoodles.com,1234
www.summitdigestive.com,1229
www.missourivalleyvet.com,1228
www.pearlandvets.com,1221
www.benenatifootcare.com,1221
www.thedermgroupsc.com,1219
www.hudaviwellness.com,1214
www.moentcenter.com,1214
www.woodbridgevetgroup.com,1213
www.morrillcountyhospital.com,1213
www.fasorlando.com,1213
www.dupagepediatrics.com,1212
www.midtownrichmonddentist.com,1211
www.columbiamodermatology.com,1208
www.rosewomenshealth.com,1207
www.footcaregroup.com,1205
www.forestreampediatrics.com,1203
www.edinburgmcallenvetservices.com,1196
www.massagerome.com,1196
www.petcentralanimalhospital.com,1195
www.thekidzdocs.com,1190
www.avondalepediatrician.com,1189
www.spineandwellness.org,1188
www.falmouthvet.com,1187
www.croftonpodiatry.com,1183
www.pccvi.com,1180
www.wacogastro.com,1178
www.tozereyecenter.com,1177
www.renewedjourney.org,1170
www.daycreekanimalhospital.com,1168
www.championspediatric.com,1164
www.dermassociatesoftb.com,1158
www.advancedfoottexas.com,1157
www.chiropracticuae.com,1155
www.keepmismile.com,1154
www.napleseyephysicians.com,1154
www.advancedbehavioralhealthcenter.com,1154
www.flfootandankle.com,1151
www.soundvisioncare.com,1150
www.footandanklecentersva.com,1148
www.healthymindsca.com,1147
www.rothwellness.com,1145
www.se-neurosurgical.com,1144
www.hydeeyecare.com,1140
www.rappahannockdpms.com,1139
www.totalfootandankle-tampabay.com,1138
www.core-chicago.com,1138
www.hamptonroadsfootandankle.com,1137
www.roselandtherapy.com,1135
www.alohaurology.com,1132
www.bakersfieldderm.com,1132
www.abileneadvancedeyecare.com,1131
www.alliancepotential.com,1130
www.chspkmentalhealth.com,1124
www.pikesvillevet.com,1121
www.drsuseelanarra.com,1121
www.balboapediatrics.com,1117
www.nolapodiatry.com,1115
www.micheyecare.com,1113
www.icfetx.com,1112
www.parktownvet.com,1111
www.larmourchiropractic.com,1111
www.npaonline.com,1107
www.horizonprimarycare.com,1107
www.yalesvillevet.com,1101
www.azalealakesvetclinic.com,1099
www.nhah.com,1099
www.whellermdpa.com,1096
www.skagitpediatrics.com,1096
www.blackbobpethospital.com,1095
www.lewisvillefamilycounseling.com,1093
www.harlemanimalhospital.com,1087
www.hanacikchiro.com,1084
www.serenitygyn.com,1083
www.petdoctor911.com,1083
www.hopeharborkc.com,1083
www.chelseaeyeophthalmology.com,1082
www.vijapura.com,1082
www.catawbapediatrics.net,1081
www.greenfieldpetvet.com,1081
www.mypdcdentists.com,1079
www.sandiegogastro.com,1075
www.ccvethosp.com,1075
www.footandanklereconstructionga.com,1075
www.allfriendsvethospital.com,1073
www.tcrehab.com,1070
www.njeyeinstitute.com,1065
www.retinaassociatesofwny.com,1064
www.trumbullanimalhospital.com,1062
www.pacificsleepprogram.com,1061
www.willowbendpediatrics.com,1061
www.brookvilleroadvet.com,1060
www.drannemaitland.net,1058
www.seigellaw.com,1058
www.nwbhs.com,1056
www.thevalleypetresort.com,1055
www.enhancedderm.com,1054
www.familydynamicscounseling.com,1054
www.advancedwellnessrva.com,1051
www.cascadefootcenter.com,1051
www.sedationdentistatlanta.com,1049
www.noblesvillevetclinic.com,1048
www.centennialanimalhospital.net,1045
www.gvac.ca,1044
www.mvanimalmedicalcenter.com,1043
www.parkviewsmileschicago.com,1042
www.grayderm.com,1042
www.urgentcaretx.com,1042
www.woodlakefamilydental.com,1039
www.crestwoodcourtvc.com,1039
www.hemlockvet.com,1037
www.rickordsanimalhospital.com,1036
www.drbrettlangston.com,1036
www.sunshineeyeclinic.com,1034
www.cantondentists.com,1027
www.summervilledentistry.com,1026
www.underhillanimalhospital.com,1025
www.alliedbehavioralhealthde.com,1023
www.riverridgevets.com,1021
www.ourvetonline.com,1019
www.drgenachiropractic.com,1018
www.ritzandjohnson.com,1016
www.breesanimalhospital.com,1012
www.inpsychgroup.com,1012
www.sgsgastro.com,1012
www.allenvethosp.com,1011
www.paikids.com,1011
www.kidapprovedpediatrics.com,1009
www.harmonyanimalvet.com,1008
www.mccanneleye.com,1008
www.neroanokedentistry.com,1008
www.palmetto-eye.com,1006
www.northsideveterinaryclinic.com,1000
www.omahafootandankle.com,994
www.pawsandcoclinic.com,993
www.robertcgriffithmd.com,992
www.feinsteindermatology.com,990
www.aubreyvet.com,988
www.highlandsdermatology.com,988
www.dermlaserarts.com,987
www.clinicforspecialchildren.net,986
www.katychildpsychology.com,986
www.arenaeyecare.com,985
www.comocounselingassociates.com,983
www.holistic-pet-care.com,981
www.carepetanimalhospital.com,981
www.ashemergency.com,979
www.meadowplacedental.com,978
www.leboweye.com,972
www.hopeforabettertomorrow.com,970
www.vetcentermorriscounty.com,969
www.midtownederm.com,968
www.bpandftp.com,968
www.luishinesandassociatespa.com,967
www.bestfriendvets.com,966
www.questmadison.com,966
www.mychildrensphysicians.com,964
www.oakvalleyanimalhospital.com,963
www.curtnerpetclinic.com,963
www.sanddermatology.com,962
www.swangastro.com,962
www.brucetonwellness.com,961
www.alamocityeye.com,960
www.rocgastro.com,959
www.mecavision.com,957
www.fairwaypediatrics.com,952
www.riverdalechiropractor.com,952
www.smiletherapyservices.com,951
www.montanaeyecare.com,949
www.amiraforher.com,949
www.dessauvetclinic.com,949
www.stonybrookpediatrics.com,948
www.simplythrivepsychotherapy.com,948
www.mnnaturalcarecenter.com,948
www.stoneoakdermatology.com,947
www.kvetac.com,944
www.thepetdentist.com,943
www.sweetspotseattle.com,943
www.scottwagnerintegratedmedicine.com,943
www.cldlaw.com,943
www.chiropractor-alexandria.com,940
www.eastoverfootandankle.com,939
www.dermassoc.net,938
www.accentonvision.com,936
www.hollycottagechiropractic.co.uk,935
www.novacardiocare.com,935
www.mukilteoveterinaryhospital.com,934
www.brasseyecenter.com,934
www.iamwithinsight.com,933
www.rivkasidorsky.com,932
www.abcpediatrics.net,930
www.pogvision.com,929
www.cookvisiontherapy.com,928
www.orchardsveterinary.com,927
www.entspecialists.net,927
www.childandadolescenthealthcare.com,926
www.southtxfoot.com,924
www.metropolitanmedspa.com,923
www.smrcounselingservices.com,921
www.mrahonline.com,921
www.allbetterpediatricgroup.com,919
www.westernmichiganpediatrics.com,917
www.newportnewsvet.com,916
www.sandimaspetclinic.com,915
www.pineapplehealth.org,911
www.mesquitegsc.com,911
www.pearlandcounselingcenter.com,910
www.drmiltongeivelis.com,908
www.sonomafamilydental.com,908
www.governoranimalclinic.com,907
www.youngpediatrics.com,907
www.laredovet.com,906
www.foxhollowvet.com,906
www.crossroads-helps.com,905
www.massriveter.com,905
www.chiropractor-plus.com,905
www.baytowndentalcenter.com,904
www.pchvet.com,904
www.fisherscounseling.com,903
www.alumrockanimalhospital.com,903
www.parcvets.com,902
www.riverbankpet.com,902
www.spine-paincenter.com,901
www.foresthomeanimalclinic.com,900
www.preciouspuppiespuppykennel.com,899
www.lakelandtemps.com,898
www.acresmillvet.com,898
www.thesmilecenterofnj.com,897
www.drawender.com,896
www.docduben.com,896
www.appledentalmd.com,894
www.cannonvalleyvet.com,894
www.greenhousetherapycenter.com,894
www.valvistaanimalhospital.com,893
www.columbiashoresobgyn.org,892
www.peacefulpethome.com,889
www.luckoptical.com,888
www.arshadmalikmd.com,886
www.wlspine.com,886
www.moderndermatl.com,884
www.clintoneye.com,884
www.drsanderschiropractic.com,883
www.northbranchdermatology.com,882
www.tannenbaumchiropractic.com,881
www.miriamadlertherapy.com,880
www.abvisionjamaica.com,880
www.mid-michiganfootandankle.com,880
www.kidscreekcc.com,878
www.cumberlandvalleyfootandankle.com,875
www.knoxvillefootcare.com,873
www.parkslopekidsdental.com,873
www.mcclellandsah.com,872
www.millerdentalgroup.com,871
www.scarboroughfamilychiro.com,870
www.grandpetcare.com,870
www.midtownvetpa.com,869
www.mundeleinpediatrics.net,867
www.magiccitydentistry.com,867
www.hanovergettysburgdental.com,867
www.citypetsvets.com,865
www.brianjohnsonmd.com,864
www.jacksonvillechiropractic.org,863
www.welladjusted.com,863
www.medfordanimalhospital.com,861
www.dullespsychological.com,861
www.thpctx.com,860
www.hargraveeyecenter.com,858
www.rachelmillnertherapy.com,858
www.illinoisorthopedicinstitute.com,858
www.tacomachiro.com,857
www.rockwalleyecare.com,853
www.dvallergy.com,851
www.adjustingtheworld.com,850
www.chathamdentalcare.net,850
www.amestherapy.com,848
www.the-eye-place.com,848
www.pediatricspecialistsoftulsa.com,848
www.smitheycounseling.com,846
www.shorehavenveterinaryhospital.com,846
www.rockycreekfamilymedicine.com,844
www.roselandanimalhospital.com,843
www.yourckvc.com,843
www.friendlyah.com,842
www.a-paw.com,841
www.walpolepediatrics.com,840
www.advancedpainrelief.ca,840
www.nashvillecatclinic.com,840
www.cantondentalassociates.com,838
www.alamoheightspetclinic.com,837
www.shorelinepeds.com,837
www.clevelandvets.com,837
www.viaverdeah.com,836
www.sheehyanimalhospital.com,836
www.eyephysiciansinc.com,836
www.advancedveterinarydentistry.com,834
www.wcvh.org,834
www.milfordpodiatry.com,834
www.montg-pvillepediatric.com,833
www.nicholschiropractic.com,831
www.yourdermcenter.com,831
www.psmgfl.com,831
www.a1alliancecounselingservices.com,830
www.northcountyderm.com,828
www.acadiaderm.com,828
www.myspinedoctors.net,826
www.nbihdenver.com,826
www.skinangel.com,824
www.desertforestanimalhospital.com,824
www.mattsmithchiropractic.com,824
www.sandcreekanimalhospital.com,823
www.springtownvet.com,822
www.fishmansheridan.com,821
www.bodyinbalancetx.com,819
www.crowncolonypediatrics.com,819
www.magnoliaanimalhospital.net,819
www.drpwderm.com,814
www.advancedpsychologicalwellness.com,814
www.pghmobilevet.com,811
www.tncwellness.com,810
www.aswegrowcounseling.com,810
www.invisionvt.com,809
www.pacificvet.net,808
www.opticalexpressionsaz.com,806
www.zamanpediatrics.com,804
www.lehighvalleyeyecareassociates.com,803
www.shadysidedentists.com,802
www.mielkeandweeks.com,800
www.gb.law,800
www.psychology-sandiego.com,799
www.edmonds-chiropractor.com,799
www.riverdaledentalonline.com,797
www.raleighweightlossnow.com,797
www.berryhillchiropractic.com,794
www.knowbalance.com,794
www.annapollendocs.com,793
www.familyfootcaretx.com,793
www.newlifecounsel.com,793
www.georgetownderm.com,792
www.abtccs.com,792
www.citydentaldc.com,791
www.cheyennevets.com,790
www.uniontownvet.com,790
www.kidology.care,789
www.lovingtouchclinic.com,789
www.emeraldcoastpodiatry.com,789
www.palmettovet.com,788
www.laveenvetcenter.com,788
www.denovoeye.com,788
www.lifebalancecoachnh.com,787
www.mountainviewvet.com,786
www.chapelhilleye.com,786
www.carolinafootcare.net,785
www.panamaquiropractico.com,784
www.metairiepodiatrist.com,782
www.framinghamdermatology.com,781
www.njpaac.com,781
www.wengerchiropractic.com,780
www.arguellopet.com,780
www.bayanimalhospital.com,779
www.stouffvillefamilyeyecare.ca,779
www.archbeachvet.com,778
www.keithhallaiandmd.com,777
www.kidsvillepeds.com,777
www.kidsfirstped.com,777
www.mobilevetofwesternmass.com,774
www.kninesolutions.com,773
www.poulsbofamilydentistry.com,772
www.smallanimalhousecalls.com,772
www.companionbellevue.com,771
www.ptpediatrics.com,771
www.lakemaryvetclinic.com,769
www.5ewc.com,768
www.perrisvetclinic.com,768
www.mapleridgeeyecare.ca,768
www.moderndentistrydc.com,767
www.shenandoahdentalcenter.com,767
www.dentistwi.com,766
www.sullivantherapygroup.com,764
www.sylvaneyemodesto.com,764
www.eyespecialistsofillinois.com,764
www.cedarcreekvet.com,764
www.cushingsquarevet.com,763
www.cordovacounselingcenter.com,763
www.oakdale-vet.com,762
www.engleeyewear.com,761
www.collingswoodanimalhospital.com,760
www.thesummitcenter.net,759
www.hhclinic.com,757
www.jaxdermatology.com,754
www.danforthanimal.com,753
www.familyeyecareofglendale.com,753
www.orangeveterinaryhospital.com,750
www.deltaspinecare.com,750
www.sherwoodfamilypetclinic.com,749
www.nvc2020.com,749
www.oc-chiro.com,748
www.vetraleigh.com,747
www.santamonicadentistryforchildren.com,747
www.advancedallergyva.com,746
www.soah4pets.com,745
www.lpacounseling.com,745
www.spartanburgvision.com,745
www.drycreekveterinarycenter.com,745
www.healthyspinelubbock.com,744
www.guytjonesplasticsurgery.com,744
www.drpaulkang.com,743
www.cssjpvets.com,743
www.westchasegi.com,743
www.duluthcounselingcenter.com,742
www.drwildemore.com,742
www.parker-dentistry.com,739
www.ccfootcare.com,738
www.mvanyc.com,737
www.belvillechiro.com,736
www.kunesh.com,736
www.tyler-counseling.com,735
www.dixieddc.com,735
www.carverstreetanimalhospital.com,735
www.sonomadermatology.com,734
www.pediatricscostamesa.com,733
www.drhoffmandermatology.com,731
www.gainesvillevet.com,731
www.amcoforlando.com,731
www.sandiegopodiatrygroup.com,730
www.heritagegrovefamilydental.com,729
www.hdanimalcare.com,728
www.stjosephchiropractic.com,727
www.knoxchiropractic.com,727
www.lakemarycounseling.com,727
www.keithwilliamsdds.com,726
www.kiwipediatrics.com,725
www.ironwoodchiropractic.ca,724
www.advancedeyecarevs.com,724
www.greatercincychiro.com,724
www.queenscounselingservices.com,723
www.queensconsultationcenter.com,723
www.havenholistichealth.com,723
www.drbillchoby.com,722
www.ashevillefamilydentistry.com,722
www.peoria-vet.com,721
www.eyewestvisionclinic.com,721
www.michiganent.com,720
www.tricityvets.com,720
www.thepawpatch.com,719
www.shuaybdental.com,719
www.bluegrassanimalhospital.net,717
www.lancasteranimalclinic.com,717
www.cofootandankle.com,717
www.quailhollowvet.com,715
www.rosemountchiropractor.com,715
www.summitdogandcat.com,714
www.ipsstafford.com,714
www.vanoverdentistry.com,714
www.plainvillevet.com,713
www.eyegroupms.com,713
www.eyecareofthevalley.com,712
www.adparkpet.com,710
www.gamohs.com,710
www.glowingsmilesdental.com,709
www.bayareabehavioral.com,709
www.iowakidney.com,709
www.grandanimalhospital.com,708
www.summit-vet.com,708
www.centerofdermatology.com,705
www.dentistrockymount.com,704
www.aspiredentalcarema.com,702
www.ocpeds.com,701
www.progressivevetcare.com.au,701
www.psychiatricholistichealth.com,699
www.bamapeds.com,699
www.rockfordvetclinics.com,696
www.highlinederm.com,695
www.greenmountainpediatrics.com,695
www.privatepracticecenter.com,695
www.kumardentalpa.com,695
www.parkhavendental.com,694
www.sportsandspinalwellness.com,693
www.crawfordfamilychiropractic.com,692
www.carolinaequinehospital.com,692
www.canyonpethospitallv.com,692
www.presidioway.com,691
www.rollinghillspet.com,691
www.beavercreekgoldens.com,691
www.hillrisedental.com,686
www.middletownvet.com,686
www.northwesteyecare.com,686
www.salemvalleyvet.com,686
www.amicipethospital.com,686
www.catsanddogsah.com,686
www.dentalimplantperio.com,685
www.optimumcarecounseling.com,684
www.sixthstreetvet.com,684
www.bettendorfchiropractic.com,684
www.drferay.com,683
www.mountrosevets.com,682
www.drscottlim.com,682
www.neuroeye.com,681
www.gps.law,681
www.tcah.net,681
www.miamisburgvisioncare.com,680
www.mountainrivervet.com,679
www.unleashedvet.net,679
www.sklar-law.com,678
www.rootcanaldrs.com,677
www.1866hirejoe.com,677
www.msmdental.net,676
www.foothillpediatrics.com,676
www.wascanaanimalhospital.ca,676
www.creeksidedentalinc.com,675
www.heritageanimalhospital.net,674
www.aplusdentures.com,674
www.haddonfielddermatology.com,674
www.olivebranchcounselingassociates.com,673
www.medfordfoot.com,672
www.capitoleyecarecenter.com,672
www.drgoldeyes.com,672
www.roundrockvet.com,672
www.augustaranchanimalhospital.com,672
www.marylandfarmschiro.com,672
www.jolietcenter.com,671
www.churchlandanimalclinic.com,671
www.allcareanimalclinicwestpalmbeach.com,671
www.bigsmiledentistry.net,670
www.masonchiro.net,670
www.drsandrashachar.com,670
www.inbalancecare.com,670
www.bestcareinsight.com,670
www.norwichsmiles.com,669
www.xroadsvets.com,669
www.coastalintegrativemedicine.com,669
www.farehamcreekvets.co.uk,669
www.myserenitycounselor.com,668
www.ridgelandeyecare.com,668
www.achonolulu.com,668
www.gregoryvetclinic.com,668
www.mynewlifechiro.com,668
www.well-beingmedicalcenter.org,667
www.caremoreanimalhospital.net,667
www.southwest-eyecare.com,667
www.calaisdermatology.com,667
www.mccarthysummers.com,666
www.wavespsychotherapyservices.com,666
www.millcreekchiropractor.com,665
www.primaryeyecarems.com,665
www.glaserdermatology.com,664
www.childrensprimarydental.com,664
www.petvethospitals.com,663
www.goldsborovethospital.com,663
www.smilesonwellwood.com,663
www.garzavetclinic.net,663
www.chapelhillsvision.com,662
www.mypetsdoc.com,661
www.sanjoaquinvet.com,661
www.lakemontvetclinic.com,661
www.caedelmedical.com,661
www.birchwoodvet.com,660
www.allianttherapy.com,660
www.desertridgesmiles.com,660
www.benefieldeyecare.com,659
www.gallipolischiro.com,659
www.kkmveterinaryclinic.com,659
www.animalcareclinicsandiego.com,656
www.roundlakeanimalhospital.com,656
www.guelphpsychologycentre.com,655
www.westchesteranimalclinic.com,655
www.stampavet.com,655
www.drinnalazar.com,654
www.arvadaeyes.com,654
www.backtobasicsatl.com,654
www.greatlakeshealthfitness.com,653
www.acleesburg.com,652
www.bransonhealingarts.com,652
www.rutherford400vets.com,652
www.compasscounselingar.com,652
www.stamfordsportsandspine.com,651
www.nextlevelhealth.com,650
www.wellnesschiropractor.com,650
www.selahhealthcare.com,649
www.lvdachicago.com,648
www.naplesemergencypet.com,647
www.greenfamilylaw.net,647
www.stonepeacepsych.com,647
www.coastalhealthcarenj.net,646
www.mapleridgeanimalhospital.com,646
www.eyecareplusptc.com,646
www.springhurstanimalhospital.com,645
www.ahclandolakes.com,643
www.southparkvet.net,643
www.ospikavet.com,642
www.discoveryanimalhospital.com,642
www.collinsanimalhospital.net,641
www.owassobehavioralhealth.com,641
www.petsvetgilroy.com,641
www.monroefamilyeye.com,640
www.cohenandsheinker.com,640
www.primehcgi.com,640
www.alohaanimalhospital.com,639
www.allcreaturesvetservice.com,638
www.mvmtchiro.com,637
www.harvardsquarechiropractic.com,637
www.pattersondogandcat.com,637
www.eastonanimalclinic.com,636
www.upchiropractic.com,635
www.bestvetsforpets.com,635
www.superiorveterinarysurgery.com,634
www.bridgerlandanimalhospital.com,632
www.footandankleinstitute.com,632
www.springfieldholisticwellness.com,632
www.midmichiganoralsurgery.com,630
www.chandlergilbertanimalhospital.com,629
www.caringhandsvetclinic.com,629
www.correctivechiropracticlondon.com,628
www.saradupuisdr.com,627
www.pioneerveterinaryclinic.com,627
www.lifechirocenter.com,626
www.avmcvet.com,626
www.pershinganimalhospital.com,626
www.lindseyvet.com,624
www.childshealthsd.com,624
www.drphillipschiro.com,623
www.bluecrosspet.com,623
www.kannarreyecare.com,619
www.gatewayvetsanramon.com,619
www.qualitylifementalhealth.com,618
www.mahonline.com,617
www.boutonveterinaryhospital.com,616
www.k2-healthcare.com,616
www.beavercreekdentalgrp.com,616
www.oakcreekdental.com,615
www.camphillchiro.com,614
www.familyfocusfdl.com,614
www.hamiltonrdanimalhospital.com,613
www.mountainviewvc.net,613
www.lantanaatlantis.com,611
www.devineeyes.com,611
www.pedsinapod.net,610
www.islandexoticvet.com,610
www.mbhylaw.com,607
www.sanbrunovet.com,607
www.feedercreekvet.com,604
www.californiacatcenter.com,604
www.amctemple.com,603
www.ofc-santaana.com,603
www.phmorthodontists.com,603
www.randolphanimal.com,603
www.hartmanfamilychiro.com,602
www.geriatricdental.org,601
www.mymindclinic.com,601
www.thewhitelandanimalclinic.com,601
www.kindnessvets.com,600
www.elginanimalclinic.com,599
www.lakeridgeah.com,597
www.eyesinthevillage.ca,596
www.skylandspediatrics.com,596
www.bethelfootandankle.com,595
www.aidmoreanimalclinic.com,594
www.blueridgepediatrics.com,593
www.forthuntanimalhospital.com,593
www.foster-vision.com,592
www.aorvethospital.com,592
www.simplicitycounselingservicespllc.com,592
www.petcuravet.com,592
www.livinglifecounselingctr.com,592
www.gardnerfootclinic.com,591
www.chirodynamics.net,590
www.carolstreamah.com,590
www.doggieduderanchia.com,590
www.beyondmedicalfl.com,587
www.arkansaseyecaregroup.com,587
www.caringpediatrics.org,587
www.tapactc.com,587
www.re-connectmylife.com,587
www.medidentalcare.com,586
www.husemaneyecare.com,586
www.liintegrated.com,586
www.hopeanimalhospital.org,584
www.podiatryassocpc.com,583
www.smileprodentalcare.com,582
www.ennispediatrics.com,581
www.healthfirstpuc.com,580
www.crismalifootandankle.com,580
www.centraltexasvet.com,579
www.cliftonheightsdentists.com,579
www.woodlanduniversity.com,578
www.gsjoneslaw.com,578
www.mossderm.com,578
www.chandlerazpodiatrists.com,577
www.villagepcp.org,576
www.eastorangeanimalhospital.net,575
www.bridgesandpathways.com,575
www.premierginj.com,573
www.thinkchiropracticfirst.com,571
www.westsideveterinaryclinicsc.com,570
www.northsidepethosp.com,569
www.visione360.com,569
www.enhancedlivingchiro.com,569
www.winterhavenderm.com,568
www.foothillsanimalhospital.ca,568
www.libertyvetpets.com,567
www.alexander-cleaver.com,567
www.petclinicomaha.com,566
www.bradentonervet.com,565
www.purelifechiro.com,565
www.lifeworkscounselingcenter.net,564
www.lovingpetcarehospital.com,564
www.animalhousesarasota.net,563
www.healinghandsvetcenter.com,562
www.nonadentalarts.com,562
www.associatedpsych.com,562
www.cresthillvet.com,562
www.rockefellerhealthmedical.com,561
www.miamihomevet.com,560
www.heartandvascularcare.org,560
www.pcnvonline.com,559
www.myrismile.com,558
www.cicfinancetexas.com,558
www.leachanimalhospital.com,557
www.redondoshoresvet.com,555
www.siiobh.com,555
www.familydentalcareofsouthjersey.com,553
www.paradigmchiropracticdc.com,552
www.nashvilleeyegroup.com,552
www.hope-causey.com,551
www.senecaanimalhospitalny.com,551
www.hrubinsumter.com,551
www.adjustm.com,551
www.westallisvetclinic.com,551
www.pawsandanchor.com,549
www.houstonpeds.com,549
www.petersderm.com,549
www.gaineswaysac.com,547
www.northbranchvet.com,547
www.bayopticalgroup.com,547
www.totaleye.net,547
www.rivermetroeyecare.com,547
www.thehealthysmiles.com,546
www.parkwoodvet.com,546
www.starlightpeds.com,544
www.clairemontvet.com,543
www.wellbeyonddental.com,543
www.riponfp.com,542
www.alisobeachanimalclinic.com,541
www.pineridgeequine.com,541
www.actonrdpeds.com,538
www.sheldonroadchiropractic.com,537
www.saugusvet.com,537
www.njrehabexperts.com,537
www.lakescountrycounseling.com,537
www.binbchiropractic.com,536
www.lenoxhillveterinarians.com,534
www.lancastercountypodiatry.com,533
www.ajoveterinaryclinic.com,533
www.dearbornfamilypetcare.com,533
www.jcpedsdoc.com,532
www.straffordvetclinic.com,532
www.carterandevans.com,532
www.riverdalefamilydentalpc.com,531
www.teamwell.ca,531
www.rivercityvisioncenter.com,530
www.olsonsmiles.com,530
www.scarsdaleanimalhospital.org,529
www.livingsuccesscenter.org,529
www.middleplantationanimalhospital.com,529
www.beyondcounselingllc.com,529
www.unionmillpediatrics.com,529
www.ringerchiropractic.com,528
www.millardwellness.com,527
www.getphil.com,526
www.childrensdentalnh.com,524
www.petpatchr.com,524
www.hyinhealth.com,524
www.counselingwaxhaw.com,523
www.crystalviewoptometry.com,522
www.krphvets.com,522
www.neighborhoodprimarycare.com,521
www.bridges-pathways.com,521
www.wanowellness.com,520
www.centerforauthenticliving.biz,518
www.sushibeautycare.com,518
www.newarkohiodentist.com,517
www.rfortneytherapy.com,517
www.houmathibodauxspineandrehab.com,515
www.vanariadental.com,515
www.apexacuny.com,515
www.drblacksoptometry.com,514
www.childdocs.com,514
www.hendersonanimalhospital.ca,514
www.ahealingparadigm.com,514
www.columbiaeyecare.com,514
www.simplydentaloflowell.com,514
www.gycounseling.com,514
www.solanoeyecare.com,514
www.entsurgicalgroup.com,513
www.southeastchiro.com,513
www.mypriorlakedentist.com,513
www.anchorchirocare.com,512
www.trianglefoot.com,512
www.delpasovetclinic.com,512
www.optikosoptometry.com,512
www.berkeleyvetclinic.com,512
www.hillsideanimal.com,511
www.hoofandpawvet.com,510
www.richardmarkdds.com,510
www.capshouston.com,509
www.fampsych.com,509
www.excelsiorchiropractic.com,509
www.chiropractor-woodstock.com,508
www.warrenvillevet.com,507
www.bridgevilleanimalhospital.com,505
www.concordfeet.com,505
www.burlingamevet.com,505
www.elitechiropc.com,504
www.premiernwhoustonmedicalgroup.com,502
www.doctorrazavi.com,502
www.nashvilleoralsurgery.com,502
www.carolinaschiropractic.com,502
www.arrowanimalhospital.com,502
www.highpointpediatrics.com,501
www.gastro-services.com,501
www.familyvisionpc.com,501
www.aaitulsa.net,501
www.madisonanimalhospital.us,500
www.amesspineandsport.com,500
www.austinpodiatry.com,499
www.nemanfamilydentistry.com,499
www.andrewswellnesscenter.com,498
www.unionstreetvet.com,498
www.fishhawkanimalclinic.com,498
www.fairwaychildrens.com,497
www.cfega.com,497
www.nbpodiatry.com,496
www.donegalanimalhospital.com,496
www.greystonevethospital.com,496
www.bimcptnyc.com,496
www.gibbermandental.com,495
www.lansingallergy.com,495
www.corinnesmithmd.com,495
www.catalinaderm.com,494
www.cherryvilleanimalhospital.net,493
www.eyelabs.ca,492
www.idahofootcare.com,492
www.nwawhcare.com,489
www.blissveterinaryservices.com,489
www.hunterdondigestivehealth.com,488
www.cityaveeyecare.com,486
www.cprgnet.com,486
www.southernsmilesbcs.com,486
www.sunriseah.com,486
www.sitnikdental.com,485
www.gentleleesburgdentist.com,484
www.thomasvetservices.com,484
www.completewellnessdeland.com,484
www.deltawaverly.com,483
www.peacefulpartings.com,482
www.poinsettvet.com,480
www.drjorro.com,479
www.acacia-vets.com,479
www.drfantasia.com,479
www.denvercatvet.com,478
www.delmarvachiropractic.com,478
www.ahcpets.com,478
www.minkchiro.com,478
www.thedentalspaofvirginia.com,477
www.scottsburgfamilydentistry.com,477
www.mcneeleyecenter.com,476
www.animalmedicalclinicfayar.com,476
www.berklawfirm.com,476
www.creaturecomfortsvc.com,476
www.hawthornepets.com,476
www.cicerofs.org,476
www.meadvillepediatrics.com,476
www.andersonchiropractic.us,475
www.magicalsmilesmo.com,475
www.oakridgeanimalcenter.com,475
www.dentistryalexandria.com,475
www.dirtypawspetwash.com,474
www.meisterdentalgroup.com,473
www.northyorkveterinaryclinic.com,473
www.carolinasvet.com,472
www.parkslopedentalaesthetics.com,472
www.myspiritrising.net,472
www.zacharycounseling.com,471
www.suncoastdentalcenter.com,470
www.eye-styleoptical.com,470
www.dadamoveterinary.com,470
www.lewybodydialogue.com,470
www.thepethospitalofstratford.com,469
www.alamedavetclinic.com,469
www.ftcla.com,469
www.foresthillah.com,469
www.carolina-footcare.com,469
www.thehealthysmilecenter.com,467
www.pedimedcenter.com,465
www.camarillochiro.com,465
www.pandentalcare.com,463
www.ahofsc.com,463
www.fremonteyehealth.com,462
www.mullinsvision.com,461
www.nctherapyworks.com,459
www.ourcompletecare.com,458
www.ennisvetclinic.com,458
www.westviewvethospital.com,458
www.integratedphysicalmedicine.com,456
www.newmilfordah.com,455
www.fioredermatology.com,454
www.washingtoneyeassociates.com,454
www.richardsoneyeassociates.com,454
www.atlanticchirofl.com,453
www.youngchiropractic.org,451
www.sohieyecare.com,451
www.clearwateranimalclinic.com,450
www.downriversmiles.com,449
www.drkevingropp.com,449
www.lawrencechendds.com,449
www.yourlifechiro.com,449
www.tyranenavetclinic.com,447
www.myentmd.com,447
www.southwesternpediatrics.com,447
www.chiphilldds.com,447
www.bolingbrookdentalweb.com,446
www.middletowneyecaredel.com,446
www.maodenton.com,446
www.natolidental.com,446
www.berwickanimalhospital.com,446
www.centrevillefamilydentistry.com,445
www.michfoot.com,444
www.cmhvet.com,444
www.allpetshospitalinc.com,444
www.amftgroup.com,444
www.nlrvet.com,443
www.hampsteadoptometry.com,443
www.mispinemc.com,443
www.kirklandsmiles.com,442
www.cincyskin.com,442
www.mycornerstonecounseling.com,442
www.riversedgevet.com,442
www.mymiltonchiro.com,440
www.thebradshawfirm.com,440
www.montgomeryvisitingvet.com,439
www.performwell.com,439
www.compassionvethospital.com,438
www.coherentself.com,438
www.southernsleep.net,438
www.orangecountysportspsychology.com,437
www.nightowlpediatricurgentcare.com,436
www.cliniquesculpture.com,436
www.diabeticfootmanagementcenter.net,436
www.cccid.net,435
www.tri-valleydermatology.com,435
www.wellnesswithapurpose.com,435
www.allcreaturespetvet.com,434
www.lichiropt.com,434
www.carrolleyecare.com,433
www.priorlakepethospital.com,433
www.mclaughlinchiropractic.com,433
www.northshelbycountyanimalhospital.com,432
www.applevalleychiropractic.com,432
www.capesmallac.com,430
www.manilachiropractor.com,430
www.columbuschildrensclinicga.com,430
www.backinbalance.ca,428
www.brickelldental.com,428
www.visionplustx.com,427
www.cpapgone.com,427
www.gardencitydentalgroup.com,427
www.edeninternalmedicine.com,426
www.shelbytherapy.com,426
www.wayoflifewellness.com,426
www.redwoodtherapy.com,426
www.riponvet.com,424
www.footcarelouisville.com,424
www.cornerstonecounselingnc.com,424
www.atlchildrens.com,424
www.kulpchiropractic.com,424
www.abbotsfordchiropractic.ca,423
www.iannelliwellness.com,422
www.drgregmorris.com,422
www.saseenosvet.com,421
www.chiropracticfirstmukwonago.com,421
www.hamiltonhealth.us,419
www.fourpointschiropractic.com,419
www.avondalehasletanimalclinic.com,418
www.innovativewellnesscenter.com,417
www.tillielakevet.com,417
www.prodentalmn.com,417
www.kohnanimalhospital.com,416
www.mindfulcollaborationnc.com,416
www.royaldentalcenterllc.com,415
www.swvhreno.com,415
www.guzzardochiropractic.com,415
www.drfobgyn.com,414
www.centerforfootandankledisorders.com,414
www.cynthiarcartertherapy.com,414
www.broadwaypethospitalvallejo.com,412
www.pivotalfootandankle.com,411
www.drbretemoran.com,410
www.ryanperio.com,410
www.lakemarionchiropractic.com,410
www.greatsmileswi.com,410
www.gurudentistry.com,410
www.flowerybranchpetcare.com,409
www.laplatamdlawfirm.com,409
www.sewelltherapists.com,409
www.cobblestonevet.com,408
www.eastidahocrisis.com,408
www.meadowlandsvet.com,408
www.delawarefamilymedicine.com,407
www.berkowitzandgarfinkel.com,407
www.stoneoakpsychiatry.com,407
www.banksveterinaryservice.com,406
www.grecofamilychiro.com,406
www.northspokvetclinic.com,405
www.hardinvet.com,404
www.gliocounselinggroup.com,403
www.drpaigeschultz.com,403
www.belparvet.com,403
www.howdershellvets.com,403
www.redbarnvet.net,402
www.wbvc.bc.ca,402
www.elkridgechiropractic.com,402
www.pikecreekchiro.com,402
www.ricklarsondds.com,402
www.alhfirm.com,401
www.auburnanimalhospitalbakersfield.com,401
www.rayriversbeyondtherapy.com,401
www.findlaycreekanimalhospital.com,400
www.bullheadcitychiropractor.com,400
www.savannahdermatologyclinic.com,399
www.caradocanimalclinic.ca,398
www.capalbohourihan.com,398
www.chinohillscounseling.com,398
www.southwestanimalhealthcentre.ca,398
www.mcmahonchiropractic.com,395
www.capitalfootspecialists.com,395
www.raytowngregory.com,395
www.cenkihsc.com,393
www.dentistryatsouthbrunswick.com,392
www.nychousecallvets.com,392
www.sedonadentalgroup.com,391
www.apex-animal-hospital.com,391
www.westmountainvet.com,391
www.glowmedclinic.com,390
www.palmettoeyecare.com,389
www.anchorageanimal.com,389
www.spinecareofmanassas.com,389
www.brightstarschoolandcamp.com,387
www.doclogan.com,387
www.willowbendchiropractic.com,385
www.bigbendvet.com,385
www.stillwaterchiropractor.com,384
www.youremyvet.com,384
www.yvonnecastillophd.com,383
www.oxforddentalcare.net,383
www.raymondcameronmft.com,383
www.sinasabetmd.com,383
www.cedarcreekpeds.com,383
www.boisemountaineyecare.com,383
www.charlottedentist.org,382
www.longmontkidsdentist.com,381
www.extonfamilydentistry.com,381
www.bacvets.com,381
www.jamiehannaduddy.com,380
www.entdocaz.com,379
www.tuscaloosaspine.com,379
www.chestnutanimalclinic.com,379
www.kowalskichiropractic.com,379
www.upayacounseling.org,379
www.therapybysue.com,378
www.lakemillsmiles.com,378
www.highlandlakesdental.com,378
www.arbutusstationdental.ca,378
www.countrysidevetpets.com,378
www.ranchoniguelanimalhospital.com,377
www.rockawaybeachvet.com,376
www.drjayepstein.com,376
www.clevelandchiroandmassage.com,375
www.warrensburganimalhospital.com,375
www.fayettevillepodiatry.com,374
www.courthouseveterinaryclinic.com,374
www.drgib.com,374
www.wholelifedc.com,373
www.networksvt.org,373
www.glidepathbh.com,373
www.valdostadentistry.com,372
www.crosswoodswomenshealth.com,370
www.westlaneuropathy.com,370
www.appelchiropractic.com,369
www.tbhpsychologists.com,369
www.dewittchiro.com,368
www.vetcenterofsarasota.co,367
www.drkanda.com,367
www.juliebeckeroms.com,366
www.docmartinchiro.com,366
www.mindfuldirectionscc.com,365
www.thebrewerdentist.com,365
www.chiropractorinnyc.com,364
www.williamsburgfamilydentistry.com,363
www.triadvet.com,363
www.charltonfamilydental.com,362
www.advancedphysicalmedicine.net,361
www.merrickdental.com,361
www.karentorresdds.com,361
www.upwardsdental.com,359
www.footankle-clinic.com,359
www.smilesforlifedentistry.com,358
www.dentalhc.com,358
www.salemfootandankle.com,358
www.allinclusivecounseling.com,356
www.cliftwoodanimalhospital.com,356
www.allergywestmi.com,355
www.ribbonwoodanimalhospital.com,355
www.coloniaspine.com,355
www.cschiropractic.com,355
www.legacyoptical.com,354
www.partnersri.com,354
www.michiganschiro.com,354
www.clcwmcc.com,352
www.balkmanclinic.com,351
www.focuscentersofasheville.com,351
www.vailranchvets.com,351
www.integrateddermmv.com,351
www.rockvilledentalcenter.com,350
www.analyvet.com,350
www.drbakercares.com,349
www.401wardenpet.com,349
www.lexingtondentalcare.net,349
www.ifixspinemd.com,349
www.foothill-chiropractic.com,349
www.uniquedental2008.com,349
www.cotswoldfamilydentistry.com,349
www.northmadisonanimalvet.com,348
www.smilesbyross.com,348
www.scdsmiles.com,348
www.centrevilledental.com,348
www.dianebersonmd.com,347
www.dawsonforestanimalhospital.com,347
www.smithvillevet.com,347
www.carefreeanimalclinic.com,347
www.amisondentalgroup.com,346
www.advancedchiropracticassoc.com,344
www.aavethospital.com,344
www.eyeclinicofsandpoint.com,343
www.coralgablesanimalhospital.com,343
www.vibrantenergy.com,343
www.chesapeakecounseling.com,342
www.penniallfamilydental.com,342
www.akgimd.com,340
www.omahachildrensclinic.com,340
www.alabamafootinstitute.com,337
www.amcvalencia.com,337
www.buelltonvet.com,337
www.reedchiropracticclinic.com,335
www.capstherapy.net,335
www.pequannockveterinarian.com,335
www.glchiromi.com,335
www.oakvillevets.com,335
www.smilelaurens.com,334
www.pbapt.com,334
www.shelbystreetanimalclinic.com,334
www.cornwallfd.com,333
www.washpsych.com,333
www.mmecpclawfirm.com,332
www.westvalleywellness.com,332
www.preferreddentalgroup.com,331
www.boysenanimalhospital.com,331
www.renewedhealthpllc.com,331
www.theskinrenewalcenter.com,331
www.newtoncenterchiro.com,330
www.heartlandchirodrs.com,330
www.ryanfamilychiropracticinc.com,330
www.farviewvethospital.com,330
www.homevetcare.ca,330
www.lrah.com,329
www.drfleitz.com,329
www.childpsychologistsandiego.com,329
www.kandschiropractic.com,328
www.stineeye.com,328
www.pecavision.com,328
www.katrinawilliamsmrs.com,327
www.breidingchiropractic.com,326
www.abishopstreetdental.com,325
www.sweeneydentalny.com,324
www.atlanticeyecare.net,324
www.fourpawsquincy.com,324
www.cudahyvet.com,323
www.theelementdancecenter.com,323
www.sojourncounselling.com,323
www.desaidentalcare.com,322
www.drjuergens.com,322
www.walkervalleyvet.com,321
www.thunderbirddentaloffice.com,321
www.chiropractichealthservices.com,321
www.ievetimaging.com,321
www.dentistlawrenceville.com,320
www.metrodentalassociates.com,320
www.eatonanimalden.com,320
www.drjenniferkern.com,319
www.putnamvetclinic.com,319
www.arlingtonfamilysmiles.com,317
www.baysidedentalwa.com,317
www.tazewellpikeanimalclinic.com,316
www.clespecialists.com,316
www.hillsidesmallanimalhospital.com,316
www.tierrasantavetsd.com,315
www.portjeffersonanimalhospital.com,313
www.campionchiropractic.com,313
www.griffinanimalcare.com,312
www.allcreaturespethosp.com,312
www.canineheadstart.com,311
www.illustradent.com,311
www.mylifeforcechiropractic.com,310
www.functionalhealthcolorado.com,310
www.eastbridgedental.com,308
www.pineviewdentalcare.com,306
www.accomacoptometric.com,306
www.scfoptometry.com,305
www.shawnluizattorney.com,304
www.foxborodental.com,304
www.starwoodchiropractic.com,303
www.randolphdentistry.com,301
www.visionconsultantsofstamford.com,300
www.pearsonchiropracticminot.com,300
www.bhcmg.com,299
www.dr-irina.com,299
www.patapscovalleyvet.com,298
www.pawzvet.com,298
www.barkofthetowngroomingspa.com,298
www.backdoc.org,297
www.animalhospitalsanantonio.com,297
www.gunnisoncrittersitters.com,296
www.reservoirdental.com,296
www.aqdentalcare.com,296
www.parkwaydental.ca,296
www.alkanalaw.com,296
www.zimendo.com,295
www.etccounseling.com,295
www.drkimsky.com,295
www.washingtonspineanddisc.com,294
www.animalhospitalofroslyn.com,293
www.blueskyhealthandwellness.com,293
www.drmarji.com,291
www.atascaderohillsdental.com,291
www.cynergychiropractic.com,290
www.ishamdentalabq.com,290
www.kivistovetclinic.com,289
www.backinbalchiro.com,289
www.encompassmd.net,288
www.ladentalimplantsandperio.com,287
www.transpirelife.org,287
www.nicholsfamilydentistry.com,286
www.kandh.org,285
www.summerland-dental.com,285
www.innovativeec.com,284
www.hurricaneridgevet.com,284
www.mallingereyecare.com,284
www.warehamwellness.com,282
www.crossroadspets.net,282
www.bodyworkschiropractictx.com,282
www.centennialfootandankle.com,282
www.coledermcosmetic.com,281
www.butlervet.net,280
www.bettislawgroup.com,280
www.advancedcarechiro.com,280
www.companydds.com,278
www.eyecarecenterballantyne.com,278
www.iroquoisac.com,278
www.honeycuttdentistry.com,277
www.jamessnowvet.com,277
www.pinnaclechiro.net,277
www.thpartnership.com,276
www.myareadentist.com,276
www.browndental.net,276
www.archeranimalhospital.com,276
www.wilkinsopticians.com,275
www.actonfamilydentalcare.com,274
www.staging.webmd.com,274
www.smilegrandrapids.com,273
www.carmelbrowncounseling.com,272
www.renewdentalwpg.ca,272
www.sanleandrovethospital.com,272
www.mybrightsight.com,271
www.mylondonchiropractor.com,270
www.pat-omalley.com,270
www.adrianchiropractic.com,269
www.ranesdental.com,269
www.petpro.biz,269
www.oaklandchiropractor.net,269
www.sanantonioglasses.com,268
www.farmingtonsmiles.com,268
www.drmoseng.com,267
www.dentistoffortcollins.com,267
www.eyecarespecialistsok.com,266
www.acceleratedrehab.ca,266
www.gatewaylanedental.com,266
www.eyecaretexas.com,265
www.waverlyanimalclinic.com,265
www.santacruznonforcechiropractors.com,265
www.shorepsychologyassociatesllc.com,264
www.trinityanimalhospital.com,264
www.carmeldvm.com,263
www.coastalmedicalandwellness.com,263
www.alafayadentalcare.com,263
www.lifemcs.com,263
www.wyncoteanimalhospital.com,262
www.countryside-ah.com,262
www.abetterdaydental.com,261
www.wisevisioncare.com,261
www.oceansidefamilydentalcare.com,261
www.advancedhealthandchiro.com,261
www.lawndalemedicalclinic.com,261
www.changescounselingofhartland.com,260
www.soundeyecare.com,260
www.animalhospitalofkaty.com,260
www.cjdentalarts.com,258
www.citylinechiropractic.com,258
www.drtoschi.com,257
www.smilingpetsmiami.com,257
www.doddchiropracticclinic.com,254
www.larryeshyers.com,253
www.healthandwellnesschiropractic.net,253
www.pineywoodsvetclinic.com,252
www.spineonecenter.com,250
www.medinaeyecare.net,249
www.noblesvilledentist.net,248
www.milestonementalhealth.com,248
www.storeylawgroup.com,248
www.ped-evaluation.com,246
www.evergreenpmr.com,245
www.middletownlaw.com,245
www.swchiromed.com,244
www.familychiropractorsofmontclair.com,244
www.chesterfieldlaserdental.com,244
www.pulsehealthok.com,243
www.drkojimaod.com,243
www.knoxvilleveterinaryservice.com,243
www.udallattorneys.com,243
www.fitechiropracticcenter.com,242
www.shipowickcounseling.com,242
www.troychiro.com,241
www.jackmanfamilydentistry.com,241
www.pawsandclawsgeorgia.com,240
www.horgerbarnwellreid.com,239
www.jaxbeachhealth.com,238
www.behavioralsolutionsoftexas.com,238
www.eagleanimalvet.com,238
www.transgendertherapyny.com,238
www.njccbt.com,237
www.dentaldesigngainesville.com,237
www.napavalleylawfirm.com,237
www.malibuchiropracticandwellness.com,236
www.demmingsdental.com,236
www.northflorida-chiro.com,236
www.caponcounseling.com,236
www.unionstdentalvt.com,235
www.walnutgroveanimalclinic.com,235
www.highplainsassessment.com,235
www.brookwoodeyes.com,234
www.garrettchiro.com,234
www.clearchoicechiro.com,233
www.yourkidsmd.com,232
www.tricountyanimalhospital.com,232
www.sandyspringsdentalassociates.com,232
www.stcroixobgyn.com,232
www.fergusfamilychiropractic.ca,231
www.calcitypetclinic.com,231
www.matthewbryingtondmd.com,231
www.vetassociateshazelgreen.com,230
www.animalcrackersvetclinic.com,230
www.groveeyecenter.us,230
www.coastalfamilyeyecare.com,230
www.crescentbeachvetclinic.ca,230
www.footanklesportshealth.com,229
www.titusvilledentalarts.com,228
www.ruskinchiropractor.com,228
www.radersspinalhealth.com,228
www.sierratreatmentcenter.com,227
www.tmj-orofacialpain.com,226
www.oregonesthetics.com,226
www.hallechiro.com,226
www.palmcitydentalarts.com,225
www.ewchiro.com,224
www.cobleskilldentalgroup.com,224
www.drkleindental.com,223
www.mycoloradodentist.com,223
www.laurelchiro.com,223
www.willfamdent.com,222
www.clinicfororalhealth.net,220
www.southlandanimalhospital.com,220
www.levanidds.com,219
www.healthysmilesdental.com,219
www.mccunedental.com,219
www.mariehumeguilfordphd.com,219
www.mtomlinsontherapy.com,218
www.brdentistry.com,217
www.burriscosmeticandfamilydentistry.com,217
www.edgewoodfamilydentistry.com,216
www.carlsondental.com,216
www.northcachevetservice.com,215
www.montrealwomenspsychologist.com,215
www.whitneylegler.com,214
www.atchisoneyecenter.com,214
www.doctorpauldionne.com,213
www.sanfordfamilydental.com,213
www.juszczykchiropractic.com,213
www.visionsource-sapulpa.com,213
www.danielsfamilychiro.com,211
www.northeastbirdclinic.com,211
www.optimalhealthdc.com,211
www.desertviewhealth.com,210
www.kenilworthdentalassociatesnj.com,210
www.elmorefamilychiropractic.com,209
www.ajlounidds.com,209
www.bronxkidspediatrics.com,209
www.accuvisionsf.com,208
www.kennedyvisiontherapy.com,207
www.catcareclinicofthenyacks.com,206
www.chiropracticbodywork.com,206
www.familymattersinc.com,204
www.westhollywoodcouples.com,204
www.stieglerchiropractic.com,202
www.drmarcsherman.com,200
www.elitechiroonline.com,200
www.brookdaleanimalhospital-pa.com,200
www.drpiccolo.nyc,200
www.drbrianbriggs.com,197
www.scrippsranchpsychologists.com,197
www.cc-wc.com,197
www.websterchiropracticcare.com,197
www.palmerchiropracticlifecenter.com,197
www.bewellcorvallis.com,196
www.stevesmithdc.com,196
www.advancedpuyallupdentistry.com,195
www.cemllaw.com,195
www.amiracrawfordtherapist.com,195
www.charlottecounselinggroup.com,194
www.kennettcounseling.com,194
www.sorrentovalleychiro.com,193
www.guelphchiropractic.com,192
www.serenesmiles.com,192
www.sitesvisionclinic.com,191
www.backtohealthsr.com,189
www.utahspineandaccident.com,189
www.dentalartsofgardencity.com,187
www.nudentalhealth.com,187
www.accel-health.com,186
www.rockforddowntowndental.com,186
www.hauppaugefamilydental.com,184
www.bigcitydental.com,184
www.changespsych.com,184
www.gauckchiropractic.com,184
www.johnchaconasdds.com,183
www.drchrishansen.com,183
www.laurieanimalhospital.net,183
www.completecare-kc.com,182
www.eastchesterdental.com,181
www.platicasymas.com,181
www.rodgerscriminallaw.com,181
www.bloomchirocarecenter.com,181
www.painstopshere.com,181
www.drjpp.com,181
www.haileychiropractic.org,180
www.uticachiro.com,180
www.backtohealthteam.com,180
www.syracusenevet.com,179
www.pettersonchiropractic.com,177
www.beverlychristiancounseling.com,177
www.eskridgevetclinic.com,177
www.sheldonfamilydental.com,176
www.perrysburgchiropractic.com,176
www.lighthousechiropracticcenter.com,176
www.wecater2cowards.com,176
www.cranechiropractic.com,175
www.sanduskychiropractors.com,175
www.dogwoodanimal.com,175
www.backstromwellness.com,175
www.sanjacchiro.com,174
www.ftdr.me,174
www.gatewayveterinary.net,173
www.rpahbarrie.ca,173
www.cozydental.com,173
www.bewisebewell.com,172
www.hafnerchiropractic.com,171
www.libertycounselingandconsultation.com,171
www.lakekatrineanimalhospital.com,171
www.collinsbargionevuckovich.com,170
www.hbi360.com,170
www.swisschiropractic.com,169
www.miriamwoloshphd.com,168
www.diedraalstondds.com,168
www.annpriddytherapy.com,167
www.drworthington.com,167
www.fergusonoptical.com,166
www.sunriseclinicalassociates.org,166
www.evergreenfamilychiropractic.com,166
www.borerchiro.com,165
www.lakeshoreanimalclinic.ca,165
www.akfamilydental.com,163
www.drhammerchiro.com,163
www.lifesmiledentalgroup.com,162
www.tlcmobilevet.com,162
www.southgrandlakevetclinic.com,162
www.ftcollinschiropractic.com,161
www.bennettdentalgroup.com,161
www.vcgdental.com,160
www.frankbwanatdds.com,159
www.smithvilledental.com,159
www.comprehensivefootandankle.net,158
www.happyflossing.com,158
www.drsponzo.com,157
www.northtxgi.com,156
www.sloaneandoppenheim.com,156
www.phpediatric.net,154
www.milliganlawfirm.com,154
www.anitamcleodcounseling.com,153
www.keithclinicmonroe.com,153
www.pathwayschiro.ca,152
www.marincountyfamilylaw.com,150
www.robinsudds.com,149
www.nesnicktotalhealth.com,149
www.icare4vision.com,149
www.powerlawpc.com,148
www.drdanielslavsky.com,147
www.kernanchiro.com,146
www.divorcemediationct.com,145
www.sgallo-cbns.com,145
www.eldersburgdentist.com,145
www.eastridgeveterinary.com,143
www.ellispodiatry.com,143
www.greenbrierchiropractic.com,143
www.gtavet.com,143
www.californiawageattorneys.com,142
www.drrenukakumar.com,140
www.77396.mhwebmanager.com,140
www.centralguelphdentistry.com,139
www.castrochiro.com,139
www.scottchirosport.com,139
www.doctorgilbert.net,138
www.chiropracticworksnorth.com,138
www.familydentistryofnovi.com,136
www.nasirdds.com,135
www.trevosedental.com,135
www.berryfamilydentistry.com,134
www.cityoflightsdental.com,134
www.susannaalis.com,133
www.boulderfamilydental.com,133
www.prairielandschiropractic.com,133
www.medranopediatrics.com,133
www.anntaylortherapy.com,132
www.cambrecounselingandwellness.com,131
www.chiropractorlakeworth.com,130
www.robinsonnvrehab.com,129
www.afbpediatrics.net,129
www.abilenechiropractic.net,129
www.dewittparkanimalhospital.com,128
www.catofamilychiropractic.com,127
www.holistictherapybend.com,127
www.kondnerhealth.com,126
www.elitehealthcarega.com,126
www.schultzchiro.net,125
www.sillitowellnesssite.com,124
www.footanklepros.com,124
www.prioritymedicalrehab.com,122
www.drmarkturk.com,122
www.elikaram.com,122
www.billingsmtchiropractor.com,122
www.islandhealthcentertx.com,122
www.largeanimalmobilevet.com,120
www.carstairschiropractic.com,120
www.slashaydowleycounseling.net,119
www.chiropractorinmilford.com,119
www.drkenlepinskas.com,118
www.wilmingtonpikechiropractic.com,117
www.chiropracticcentergranbury.com,117
www.drjsconzo.com,117
www.painreliefrehabs.com,117
www.daniellemallen.com,117
www.cuppchiropracticclinic.com,116
www.charlenerogerstherapy.com,116
www.nolanolson.com,116
www.hrcpb.com,115
www.drspees.com,115
www.gorskidentistry.com,115
www.besthealthclinic.com,114
www.noboadentistry.com,114
www.kennesawchiro.com,113
www.sevenhillassociates.com,112
www.kimmaycock.com,112
www.harriseyeclinic.com,111
www.smileedental.net,111
www.allaboutloveinc.org,110
www.wyandotteoptical.net,110
www.richarddgruntzdds.com,110
www.fortsmithvet.com,109
www.drglenkandds.com,109
www.bpc4u.com,109
www.galvestonwellnesscenter.com,109
www.corechiropractic.center,109
www.drstingley.com,109
www.imlaycitydental.com,107
www.newleafcw.com,107
www.duforechiropractic.com,104
www.bluewaterdentistry.com,104
www.corrective-chiro.com,103
www.richardwilcoxdds.com,103
www.osseochiropractor.com,103
www.turnersvillechiropractic.com,102
www.peggykennamerlinn.com,101
www.sagharbordental.com,100
www.mellonchiro.com,99
www.karayawellness.com,98
www.southernregionalchiropractic.com,98
www.tahoechiropracticclinic.com,97
www.masonfamilydentalcare.com,96
www.drgarychase.com,95
www.viviangreenkorner.com,94
www.journeyassistancecounseling.com,93
www.drnayfa.com,93
www.carrollcountychiro.com,92
www.robinsoncounselingpllc.com,91
www.beckerbeckerandsilvius.com,90
www.sdmindfultherapy.com,90
www.lansingchiroclinic.com,89
www.dentistsanbruno.com,89
www.myfamilychiro.net,89
www.muranskychiropractic.com,87
www.southernpalmschirohealth.org,87
www.portlandindianachiropractor.com,87
www.shellygreene.com,86
www.johnsonchirodot.com,85
www.hollypedersenmft.com,85
www.alamedachiropractor.com,84
www.kevinmuellerdc.com,83
www.ankenfamilychirocare.com,82
www.healthybodyny.com,81
www.ewingchiropractic.com,81
www.hopefulexpectations.com,81
www.atlantahealthunlimited.com,80
www.drgoodstein.com,79
www.wallacedental.com,79
www.raehoesing.com,79
www.drhartalternativehealth.com,79
www.opendoorscounseling.com,79
www.masonchirocenter.com,78
www.eleanorpalmaphd.com,78
www.clondontherapy.com,78
www.hardisonchiro.com,77
www.drlauraokin.com,77
www.morrispodiatryassociates.com,77
www.hfcdentistry.com,76
www.bridgemandental.com,76
www.gottalovetherapy.com,75
www.magillchiropractic.com,75
www.thesonomadentist.com,75
www.drstevenchierchie.com,73
www.sirinitysmiles.com,73
www.advantagechirodelavan.com,70
www.muditabahadur.com,70
www.baystonearchives.com,70
www.mageevet.com,70
www.thrivetherapeuticservices.com,68
www.pollypetersonphd.com,68
www.cthielman.com,67
www.palmspringstherapy.net,67
www.aosocal.org,66
www.bellingham-dentist.com,66
www.familyfirstchirocare.com,66
www.albuquerque-therapy.com,66
www.drmbishop.com,66
www.smiledesignsdental.net,65
www.frychiro.com,65
www.pikespeakdental.com,64
www.chiofalochiropractic.com,62
www.portsmouthfamilytherapy.com,62
www.dremanuelweiss.com,62
www.bushmanfamilychiro.com,61
www.metamorphosishwc.com,61
www.dehavenchiropracticclinic.com,60
www.alignmyspinetx.com,59
www.manaderochiropractic.com,58
www.tedceccoli.com,57
www.wintergreenfamilydental.com,57
www.scoliosistreatmentctr.com,57
www.drcalternativewellness.com,55
www.johnsonchiropractictn.com,55
www.nagel4therapy.com,54
www.weismanandweisman.com,54
www.valeoclinics.com,52
www.houstonchirocare.com,52
www.cbtchampions.com,52
www.willseylaw.com,50
www.friscotherapy.com,49
www.idahosmilemaker.com,48
www.resiliencycts.com,48
www.brillwagoner.com,48
www.ofc-derm-4.com,45
www.drmahnazsadre.com,44
www.chelseamartindds.com,44
www.alexellismft.com,44
www.drchristophervaughan.com,39
www.nduttbethlehemcounseling.com,38
www.jillkristalphd.com,38
www.dickersonchiropractic.com,38
www.compassionatecounselingforyou.com,38
www.drflemming.com,37
www.royberman.com,35
www.judithalexandermsw.com,35
www.pattyscheinlmft.com,35
www.dentistryofalbuquerque.com,34
www.elaineseattletherapist.com,26
www.prairiewindschiro.com,26
www.cieloanimalchiro.com,25
www.ofc-all-3.com,21
www.andersonchirovegas.com,21
www.marianmcclellantherapist.com,21
www.drcraigwagner.com,20
www.thevillagewellnesscenter.net,17
www.liveandlovecounseling.com,16
www.robinjoyberensonphd.com,16
www.commeylaw.com,14
www.irisnathaniel.com,14
www.joyceletbrown.com,13
www.meigsrosstherapy.com,12
www.california-debtsettlements.com,4
www.nashvilleduidefense.com,1
